evaluation,mse
1,18.39522493837
33,6.238630779602297
422,5.483981059502082
17646,3.774238294943338
