evaluation,mse
0,25.475636145329993
943,23.4623562439
3639,21.435715975869996
7559,20.40798055753
11456,19.19549170969
16721,18.470537850610004
18514,18.285399843310003
