evaluation,mse
0,51.21632756928123
48,40.60777602253899
207,28.973804735103904
3013,19.25311696906655
4683,18.37184451182418
21095,18.319309429741732
