evaluation,mse
0,41.68694970545694
22,18.56400996166085
140,18.280959578560417
24520,18.280522920916077
