evaluation,mse
1,23.4623562439
1,22.110032742764155
1,19.360098262917248
19,12.341069416034975
44,11.205080897365907
155,8.488334375444587
274,5.731295760670566
8972,5.554810843299671
