evaluation,mse
0,15.67066393
14,12.65515113
16,10.20621837
31,5.87846811
107,4.66324251
805,4.56069869
807,3.80688215
